id,created_at,text
1247245189414031361,2020-04-06 19:30:00,.@usedgov took quick action on @POTUS’s promise to alleviate financial strain on student borrowers by setting federally-held student loans interests rates to 0% w/ deferred payments for 60 days. Thanks to the #CARESAct those benefits have been extended to 6 months. https://t.co/FoXF2LB0HG
1247205159048019970,2020-04-06 16:50:56,"In response to the #COVID19 pandemic, @usedgov launched https://t.co/Liwqb2gSSG as a resource for teachers, students, parents and education leaders. This website is updated regularly with the information they need during this unprecedented time. https://t.co/n8jVl34Mc7"
1247176198809161735,2020-04-06 14:55:51,"New funding flexibility announced today empowers local leaders to repurpose existing K-12 funds for #distancelearning infrastructure &amp; teacher training. They know their students/teachers best and know what they need to ensure student learning continues.
https://t.co/MhxwoL7Y88"
1245811580882825228,2020-04-02 20:33:21,"RT @usedgov: Today @usedgov donated 5,760 N95 masks that were retrieved from storage at one of our offices in DC. FSA employees helped load…"
1245805309744033800,2020-04-02 20:08:26,Great to see this solution-oriented innovation happening in South Carolina! https://t.co/aen0cw9Nkj
1245803189389135884,2020-04-02 20:00:00,Every American has an important role to play in the slowing the spread of #coronavirus. Please review these guidelines from President @realDonaldTrump and visit https://t.co/Yb7Lx3HfzG to learn more about how you can stay safe and #SlowTheSpread. https://t.co/ymOx6CSgDN
1245791934658027521,2020-04-02 19:15:17,"To America’s dedicated principals and teachers—THANK YOU for all you are doing right now to help keep students engaged, learning and connected during this national emergency. You are heroes, to your students, to your families, to our country, to @POTUS and to me. https://t.co/rAxl9hqkOI"
1245744357086552064,2020-04-02 16:06:14,"Written and agreed to by a diverse rulemaking panel, our proposed regs will open doors to much-needed innovation in higher education and will expand access for students to the flexible, relevant education opportunities they need. https://t.co/18Z0p8H2sa"
1245744355912159232,2020-04-02 16:06:13,"Last year, @usedgov got to work on #rethinking our #distancelearning regs to better serve students. The current #COVID19 health crisis underscores the importance of that work. Today we released those updated regs for public comment:
https://t.co/2AZa3HJK7Q"
1245528423696666631,2020-04-02 01:48:11,"Surely this must be an April Fools' Day joke or just #FakeNews, right? No one would deny kids access to education right now because the unions asked them to, right? https://t.co/9USviy10AJ"
1245448348242309122,2020-04-01 20:30:00,"The transition to distance &amp; online learning needs to happen quickly, and it needs to include meaningful instruction and supports for children w/ disabilities. Learning should not stop or be denied because schools fear federal regulators. https://t.co/ESNWIQ0BUW"
1245433631297937409,2020-04-01 19:31:31,"Students, families, teachers, and school leaders—I know the spread of #coronavirus and its impact on our country is challenging. Please know that @usedgov is committed to working with state &amp; local leaders to provide you the resources and flexibility you need. https://t.co/Ak732K18oL"
1245405399211220993,2020-04-01 17:39:20,"Today, @usedgov’s Second Chance Pell program serves thousands of students at institutions across the country. This Administration is committed to the program’s success and to expanding it to serve more students."
1245405398166843395,2020-04-01 17:39:20,"The data on Second Chance Pell speaks for itself. Incarcerated individuals who participate in postsecondary ed are 43% less likely to return to prison than those who do not. For every dollar invested in correctional ed programs, 4 to 5 dollars are saved on re-incarceration costs."
1245405241446670337,2020-04-01 17:38:42,"April is #SecondChanceMonth, a time to reflect on the incredible opportunity #SecondChancePell offers incarcerated individuals to turn their lives around by pursuing education &amp; preparing themselves for careers upon reentry. I have seen its transformative impact firsthand: https://t.co/S2E2fksaXS"
1245069602830327810,2020-03-31 19:25:00,"Since the start of this outbreak, @usedgov has provided higher ed institutions the flexibility they needed to take learning online. We also acted on @POTUS’s promise to provide student loan relief to tens of millions of borrowers. https://t.co/5pIUi5xEuJ"
1244686217947553792,2020-03-30 18:01:34,Inspiring to see teachers like @ManateeSchools Ms. Anderson and countless others across America going the extra mile to stay connected to their students during this unprecedented #COVID19 national emergency. Keep up the great work! https://t.co/hNq2aiYLrc
1244663776684752897,2020-03-30 16:32:23,We know everyone is grappling with the challenge of keeping students safe and healthy while also building capacity for remote learning. It’s an important moment to realize that learning can—and does—happen anywhere and everywhere. https://t.co/x5hnDml9uB
1244650912783765505,2020-03-30 15:41:16,".@DPSNewsNow is committed to getting students, no matter their situation, needed resources for distance learning. In towns with limited internet access, they're distributing weekly packets to students and connecting them with teachers via phone office hours: https://t.co/QSeG44gnTe"
1243938399049768964,2020-03-28 16:30:00,".@usedgov is using every tool possible to extend flexibility to states and communities. This includes funding flexibility. Where we don’t have the latitude, we are working with Congress on solutions for students. https://t.co/kF727JWXFt"
1243925974850428928,2020-03-28 15:40:38,"My team and I are in contact daily w/ governors, state school chiefs, college presidents, superintendents, &amp; local ed leaders. We are quickly responding to what they need so they can do the next right thing for their students. https://t.co/SEYnnP4aQj"
1243721753593098240,2020-03-28 02:09:07,RT @WhiteHouse: .@BetsyDeVosEd provided an update on actions to protect America's students and help them continue their learning. https://t…
1243677693771685889,2020-03-27 23:14:03,".@joy4ok, the school chief in Oklahoma, may have put this best. She told me, “school isn’t a building. It’s students, teachers and families working together to advance learning.” She’s right, and that’s our shared mission."
1243677692647612416,2020-03-27 23:14:02,"And to every parent and family, we know these are challenging times. But it’s in the face of great challenges that Americans have always risen to the occasion and embraced greatness. And I know we’ll do that once again."
1243677691624161281,2020-03-27 23:14:02,"To our teachers, we will support you and help you. You are doing great work. Keep it up!"
1243677690542129153,2020-03-27 23:14:02,"To our students, your educations can—and should—continue. Learning can happen anywhere, and we will help make sure it does. We believe in you!"
1243213820857851904,2020-03-26 16:30:47,"To all the teachers, principals &amp; education leaders working to keep students learning during this #COVID19 national emergency—THANK YOU! @POTUS, @VP &amp; I are so heartened to see the innovative ways you're keeping students engaged, connected &amp; learning. https://t.co/d0IiejC7yy"
1243195473210609664,2020-03-26 15:17:52,"RT @FLOTUS: Thank you @USDA, @BaylorCoHP, McLane Global &amp; @PepsiCo for ensuring children in rural communities have access to healthy meals…"
1242850083143639042,2020-03-25 16:25:25,These are difficult times for many Americans &amp; we don’t want to do anything that will make it harder for them to make ends meet or create additional stress.
1242850081893576705,2020-03-25 16:25:25,"During this #COVID19 national emergency, I’ve put a stop to all collections actions &amp; wage garnishments for student loan borrowers in default and have asked @usedgov to refund $1.8B to 830,000 borrowers who had wages/tax refunds garnished since March 13: https://t.co/UasAEfFdaw"
1242504373458141186,2020-03-24 17:31:41,"Tremendous work by @NHEdCommr Frank Edelblut to quickly transition NH schools to remote learning during this #COVID19 national emergency. https://t.co/68gfbKplIf connects families, teachers &amp; students w/ education resources to help students #learnathome #NHLearnsRemotely https://t.co/39Iu6AEJqX"
1242118209366564868,2020-03-23 15:57:13,".@usedgov will continue to work w/ state/local leaders to identify areas where it can provide resources to support educators in their important work. Students, parents, educators, &amp; local leaders can access https://t.co/zApoGLM3sA for updates during this national emergency."
1242118208158666752,2020-03-23 15:57:12,"These are challenging times, but we expect schools to rise to the occasion &amp; we're ready to help. This info from @EDcivilrights , @ED_Sped_Rehab provides clarity on how to use distance learning to serve all students, including students w/ disabilities: https://t.co/utsZv5HKFF"
1242118206699044871,2020-03-23 15:57:12,Extremely disappointed to hear some school districts were using info from @usedgov as an excuse not to educate kids during this #COVID19 emergency. Nothing from @usedgov should prevent schools from offering education through distance instruction. https://t.co/4qpnK8WWcj
1241770041105924098,2020-03-22 16:53:43,"RT @WhiteHouse: To minimize the impact of Coronavirus on our nation’s students, @usedgov is temporarily waiving all interest on federally h…"
1241116174966013953,2020-03-20 21:35:29,"RT @GOPLeader: Thank you to President @realDonaldTrump, @BetsyDeVosED, and @usedgov for providing relief from federal student loan payments…"
1241034495920349186,2020-03-20 16:10:55,Students need to be focused on staying healthy and continuing to learn. Teachers need to be able to focus on remote learning and other adaptations. We’re going to continue to provide every flexibility possible to help make that as simple as possible. https://t.co/eQFGgAxd6e
1241034494280376322,2020-03-20 16:10:55,"Today, we announced turnkey waivers for states to bypass high-stakes standardized testing during the #COVID19 national emergency so they can instead focus on the immediate needs of their students and educators. https://t.co/Plp4hblthR"
1241033282009083906,2020-03-20 16:06:06,"Right now, everyone should be focused on staying safe/healthy, not on their student loan balance growing. I commend President @realDonaldTrump for his quick action on this issue, and I hope it provides meaningful help and peace of mind to those who need it most."
1241033280432062466,2020-03-20 16:06:05,"Today, @usedgov &amp; @FAFSA are delivering on President @realDonaldTrump’s promise to provide federal student loan relief. 0% interest/deferred payments to help those whose educations, careers, &amp; lives have been disrupted by the #COVID19 national emergency: https://t.co/NbcvSuA48K https://t.co/vQ337yV9OW"
1240036935315439627,2020-03-17 22:06:58,.@usedgov is committed to ensuring all students have equal access to education during the #COVID19 outbreak. Please see the new @EDcivilrights fact sheet on this important issue: https://t.co/zHwc1aA6fr https://t.co/gDckJNA9h5
1239972099566882822,2020-03-17 17:49:20,"As schools across the nation shift to distance learning, it is vital that ed leaders ensure that all students, including those with disabilities, can access online &amp; virtual learning programs. Learn more in the new @EDcivilrights webinar resource here: https://t.co/frjkehmZoy https://t.co/nhdybmLjBP"
1239708392287059970,2020-03-17 00:21:28,"We all have an important role to play in slowing the spread of #coronavirus and keeping our nation’s students, parents and teachers safe. Please review the new guidelines released today by @realDonaldTrump and share them with your family and friends: https://t.co/4u8x6HbP8n https://t.co/X1b7lWrNBW"
1238566612611076097,2020-03-13 20:44:26,Proud to work with @realDonaldTrump to take continued decisive actions that help students and parents during this  COVID-19 national emergency.
1238212419488485376,2020-03-12 21:17:00,"We continue to work w/ inter-agency partners to provide local ed leaders the resources needed to ensure health &amp; safety of students/educators. @usedgov released new info today on K-12 flexibilities, student privacy, &amp; educating students with disabilities: https://t.co/xNdRNscOrz https://t.co/w7HESwiZUi"
1237916744456568834,2020-03-12 01:42:05,"From day one, @realDonaldTrump has taken an aggressive, unprecedented approach to combating coronavirus. His decisive actions, including the additional steps announced tonight, will help prevent the spread of this virus and keep more students, parents and communities safe."
1237760476517457921,2020-03-11 15:21:08,"That's not the choice at all, @SenatorDurbin. The choice is between standing w/ students and taxpayers, or returning to a flawed, much-criticized Obama rule that puts community colleges &amp; HBCUs at risk. Our rule is simple: if you were defrauded &amp; harmed, you get relief. https://t.co/ILHuxckWNC"
1237745695441981440,2020-03-11 14:22:24,"RT @SecretarySonny: This is a time we all need to pull together. Today, we announced proactive flexibilities to allow meal service during s…"
1237443432643276801,2020-03-10 18:21:19,Tremendous work by @SecGeneScalia and @DOL to expand industry recognized apprenticeships! These important earn-and-learn opportunities will open up more pathways to success for lifelong learners of all ages. https://t.co/FP8VHm2SIq
1237098329596727300,2020-03-09 19:30:00,"Too many American students who were already low-achieving are worse off today, while our best-performing students have plateaued. Those near the bottom—our most vulnerable—have fallen even further behind. It’s time to rethink our approach to education. #EducationFreedom https://t.co/upxnzeohTN"
1237060580537765890,2020-03-09 17:00:00,"If so many politicians and elected officials value the opportunity to send their own children to a school of their choice, why do they actively work to deny it for others?
 
I will always stand on the side of families making decisions for their children. #EducationFreedom https://t.co/knVnVoMtOd"
1236025861368885248,2020-03-06 20:28:24,"Since @usedgov was founded 40 yrs ago, we’ve spent over 1 trillion dollars at the federal level alone with the express purpose of closing the achievement gap. Not only has it not closed one little bit, it’s actually widened by some measures. This is inexcusable. #EducationFreedom https://t.co/aUFxqKyqa0"
1235975908080726023,2020-03-06 17:09:54,".@POTUS’s FY2021 budget proposes a dramatic expansion of #CTE programs across the country. This important investment would help to ensure that every high school student in America has access to multiple, high-quality pathways to success. https://t.co/1UlYcBq1Sm"
1235969734979522560,2020-03-06 16:45:22,"Whether it’s launching the first-ever myStudentAid mobile app, updating the College Scorecard with previously unavailable data, or now offering a set of personalized tools for better student loan information, Federal Student Aid has continued to do better by students &amp; families. https://t.co/BJlXfPH0AM"
1235903089204506624,2020-03-06 12:20:33,"RT @SenAlexander: Thank you, President @realDonaldTrump, for your quick action to approve @GovBillLee’s request for a major disaster declar…"
1235585287230836736,2020-03-05 15:17:43,"Our proposed K-12 block grant is about helping educators focus on people, not paperwork. Each year, teachers &amp; school leaders spend more than 2 million hours complying with Federal requirements. That’s time that could be focused on helping students learn and grow. https://t.co/WTqRV1WcTv"
1235583887297953792,2020-03-05 15:12:09,The FY21 budget recognizes that education is a local issue. Congress codified that truth when it created @usedgov 40 years ago. This Administration proposes Congress align the budget with its original intent and empower states with more autonomy and flexibility. https://t.co/RkBMpnStdn
1235329213328248833,2020-03-04 22:20:10,"It was a privilege to join @HectorVBarreto at @LatinoCoalition’s #TLCSummit to discuss the Administration’s commitment to expanding opportunities for success for all students through #EducationFreedom, Higher Ed reform, #CTE and Apprenticeship expansion. https://t.co/DJMJPkoc6S"
1235291108713926659,2020-03-04 19:48:45,"There is no higher priority for @POTUS and this Administration than protecting the health and safety of all Americans. For information and resources for schools and school personnel on COVID-19 (""Coronavirus"") visit:
 
https://t.co/Liwqb2gSSG https://t.co/HxrT6aRHxL"
1233515112079732739,2020-02-28 22:11:34,"Enjoyed learning about the incredible #CTE programs at @TCATNashville with @GovBillLee. Using $23M in allocated @usedgov Perkins V funding, TN is investing in its students and their futures. #CTEMonth https://t.co/fqSSqjabo8"
1233424298884444161,2020-02-28 16:10:43,"“Survey after survey shows bipartisan public support for school choice policies, notably among families with the most at stake in our education system…we have a responsibility to listen to what many families and communities are saying.” #EducationFreedom

https://t.co/sc1p41xSZg"
1233061996247093251,2020-02-27 16:11:03,"In the end, this budget is about one thing: putting students &amp; their needs above all else. It’s a budget that recognizes that no student and no state, no teacher &amp; no town are the same. States need to be free to address the particular problems and possibilities of their people."
1233061994762297344,2020-02-27 16:11:03,"Additionally, the FY2021 @usedgov budget calls for $14 billion in funding for IDEA programs, which is a $100 million increase from what Congress allocated in 2020. https://t.co/DVuOrx0aU5"
1233061993311088641,2020-02-27 16:11:03,This Administration wants every student in America to have more education options that focus on preparing them for successful careers. That’s why this budget calls for an increase of nearly $900 million for #CTE and includes a total of $2 billion dollars for Perkins State Grants. https://t.co/XW0YZ3S7dG
1233061991650078721,2020-02-27 16:11:02,The FY 2021 budget renews its call for a historic investment in America’s students: #EducationFreedom Scholarships. https://t.co/YcTQgo0rEJ
1233061989988978691,2020-02-27 16:11:02,"Americans spend $860B on K-12 education yearly. Last year, Congress appropriated $24 billion of that through the programs in our block grant, or 2.5% of total funding. Yet, teachers/leaders spend 2M hours complying w/ Fed reporting requirements-time better spent on students. https://t.co/O7Mykz2F3s"
1233061987250298886,2020-02-27 16:11:01,"To do this we call for consolidating nearly all existing K-12 formula &amp; competitive grant programs into one block grant to States. We know States will spend their money differently, and that's okay. In fact, that's what we hope they do. They know best how to serve their students. https://t.co/gDWEe68d6k"
1233061986461782017,2020-02-27 16:11:01,"This Administration’s FY21 budget is a transformative one that puts students first, dramatically reduces the Federal role in education &amp; returns control over education decisions to whom it belongs—State leaders, educators, teachers, and parents. THREAD ⬇️"
1232794875931844614,2020-02-26 22:29:37,Great to join @conservmillen at @NRBConvention to discuss this Administration’s commitment to providing every student in America the opportunity to find the right fit for their education. #EducationFreedom https://t.co/6kOKNLaY5e
1232760317492572160,2020-02-26 20:12:17,"Thank you for having me and for your advocacy on behalf of all of Tennessee’s students, @GovBillLee https://t.co/fbUyDGy1uL"
1232718784466767874,2020-02-26 17:27:15,"No child should ever endure these atrocities, no parent should have to think twice about their child’s safety while on school grounds. We cannot rest until every student can learn in a safe, nurturing environment where their civil rights are protected. 2/2"
1232718783212638210,2020-02-26 17:27:15,"We've seen a tragic rise in sexual assault cases in K-12 public schools: 9,700 reported sexual assaults, rapes, attempted rapes in the latest CRDC. I’ve asked @EdCivilRights to launch a new #TitleIX initiative to combat this troubling epidemic. 1/2

https://t.co/9RHsy7yTpj https://t.co/mEkUWNpNFY"
1232036448339140610,2020-02-24 20:15:54,"How nice that @AOC claims to have helped her goddaughter get into a public charter school. It’s a shame she works to deny that opportunity to every other disadvantaged family in America. “Good for me, but not for thee,” indeed. #EducationFreedom

https://t.co/a2RhOEeU0o"
1231993485844262920,2020-02-24 17:25:11,"Delivering on our promise to modernize &amp; personalize customer experience with Federal Student Aid, @usedgov announced today transformative updates to https://t.co/QC3ojg5N20. Learn more about the Aid Summary, Loan Simulator and Make a Payment pilot here ⬇https://t.co/7SgkMfR929"
1231986934978838529,2020-02-24 16:59:09,"ICYMI: @usedgov joined @HHS, @DHS &amp; @TheJusticeDept in launching https://t.co/BxGnTtMb9Y, a comprehensive resource to empower local leaders with the information they need to develop, customize &amp; implement school safety plans. https://t.co/eMfVPt5D80"
1231956954110517254,2020-02-24 15:00:01,Today’s #CTE combines rigorous academics and cutting-edge technical skills that prepare students of all ages to be college and career ready. #CTEMonth https://t.co/yQTTd40ud1
1230926410220331008,2020-02-21 18:45:00,"Each student is unique and deserves an individualized education experience—regardless of where they live, their family’s income or how they learn. #EducationFreedom https://t.co/a86kkKWSnH"
1230896804897619968,2020-02-21 16:47:21,"When colleges and universities accept foreign money and gifts, their students, donors, and taxpayers deserve to know how much and from whom. @usedgov will continue to hold colleges and universities accountable for complying with legally mandated financial disclosure requirements. https://t.co/SagHe4UjRY"
1230896486310912000,2020-02-21 16:46:05,Thank you @dougducey for your leadership on this important issue and your advocacy on behalf of all of Arizona’s students. #EducationFreedom https://t.co/cK5AI5A1Ln
1230515737795710982,2020-02-20 15:33:08,"This Federal Work Study initiative will help break down artificial barriers between education &amp; industry and, for the first time, allow schools to pay students for required work experiences like student teaching and clinical rotations. 2/2

https://t.co/VyvnFVhN9x https://t.co/cmwzFce8gj"
1230515736780713984,2020-02-20 15:33:08,"ICYMI: @usedgov just announced a new initiative, through an experimental site, that will allow students at more 190 institutions greater access to earn-and-learn experiences in their field of study. 1/2"
1230281970732670978,2020-02-20 00:04:14,Great to join @VP at @_HamptonU today to learn more about the innovative cancer treatment research done at @HamptonProton. Hampton is a world class research university and building on its strong #HBCU legacy. https://t.co/6pm63Qb5YF
1230281634131402752,2020-02-20 00:02:53,RT @Mike_Pence: https://t.co/kOwr8ydpoA
1230240526554816512,2020-02-19 21:19:32,"Honored to join @VP and Administrator @JimBridenstine at @NASA_Langley to celebrate breaking down barriers and to honor the #HiddenFigures—incredible, brave women—who helped us win the space race.
 
(Official White House Photos by D. Myles Cullen) https://t.co/CN6ieIRDtb"
1230201520186105856,2020-02-19 18:44:33,RT @Mike_Pence: Incredible to see the 14x22 Subsonic Wind Tunnel at @NASA_Langley where engineers just performed successful testing for the…
1230196150311018496,2020-02-19 18:23:12,RT @Mike_Pence: Just landed at Langley Air Force Base with @BetsyDeVosED and @JimBridenstine to visit @NASA_Langley! https://t.co/nmaCxBV2uW
1229888321834213377,2020-02-18 22:00:00,"#EducationFreedom should be for everyone—not just the rich, powerful or well-connected. https://t.co/PBub8ZMCjk"
1229849444633522181,2020-02-18 19:25:31,"This administration is committed to expanding #CTE so every high school student in America who wants it can have access. #CTEMonth 2/2

Learn more here ⬇️
https://t.co/IHyxmMGr6r https://t.co/3NvYIze7jM"
1229849443807236102,2020-02-18 19:25:31,#DYK? Data from @usedgov shows that students who participated in #CTE courses had higher median annual earnings 8 years after their expected graduation date than those that didn’t. 1/2
1229810815492116482,2020-02-18 16:52:01,"RT @SecGeneScalia: I met several apprentices at EGGER Wood Products in Linwood, NC—they’re gaining valuable skills that employers need, all…"
1229405314388197376,2020-02-17 14:00:42,RT @usedgov: Happy #PresidentsDay! https://t.co/S6HGekal9j
1228461417461944320,2020-02-14 23:30:00,"#FlashbackFriday to my visit to @aimscc. With 200+ degree and certificate programs, AIMS Community College offers students #CTE pathways like computer information systems and nursing that prepare them to enter a variety of high-demand, skilled occupations. #CTEMonth https://t.co/aaHmOHqtBi"
1227986630574776321,2020-02-13 16:03:22,"Thank you @TheLineK12 and Commissioner Michael Johnson of @AlaskaDEED for the great conversation about empowering students through technology, innovation and #EducationFreedom https://t.co/7G7eVxg7F6"
1227679024895418369,2020-02-12 19:41:03,Enjoyed speaking with tribal leaders at @ncai1944’s #ECWS2020. This Administration is committed to getting the Federal government out of their way so they have the freedom and flexibility needed to meet their students’ needs and honor their heritage. #EducationFreedom https://t.co/QY4SspK0Bg
1227381804090265601,2020-02-12 00:00:00,.@AlaskaDEED Commissioner Michael Johnson on @POTUS’s @usedgov Budget Request: https://t.co/g66MkYq9l9
1227351604933877767,2020-02-11 22:00:00,".@NHEdCommr, Frank Edelblut on @POTUS’s @usedgov Budget Request: “The proposed block grant would give us much-needed flexibility to align resources with the students and programs that need them the most. This is a big win for our students, teachers, principals and states."" https://t.co/yMuHNSjTd4"
1227321409174724609,2020-02-11 20:00:01,"“@POTUS promised to return power back to where it belongs, and his budget does just that. For our great state to keep leading the nation in educational gains, it's important that we are given local control over our education funds.” Gov. @tatereeves https://t.co/9KMc1ucgp7"
1227287938783940611,2020-02-11 17:47:01,".@GovRonDeSantis on @usedgov’s Budget Request: “Improving the quality and effectiveness of education for Florida's students is a priority of my administration, and I am pleased that @POTUS and Secretary Betsy DeVos are supportive of our efforts.” https://t.co/suZ0uGztor"
1226999238258761729,2020-02-10 22:39:49,"RT @tatereeves: .@realDonaldTrump delivering for Mississippi and Americans!

✅$5B Education Freedom Scholarships
✅$19.4B block grant progra…"
1226951750390861824,2020-02-10 19:31:07,"This budget request allows States the freedom to focus on people, not paperwork. Results, not regulations. We know States will spend their money differently, and that’s okay. In fact, that’s what we hope they do. They know best how to serve their students. 8/8"
1226951748725747712,2020-02-10 19:31:07,"$14 billion in funding for IDEA programs, which is a $100 million increase from what Congress allocated for 2020. 7/8 https://t.co/KCp7YCTwFi"
1226951744204279809,2020-02-10 19:31:06,"The budget proposes continued modernization of all aspects of Federal Student Aid including a call for an evaluation of FSA as a separate organization with reformed governance, continued Next Gen reforms, and simplified loan and repayment programs. 6/8 https://t.co/kElLD2tY2Y"
1226951740479676416,2020-02-10 19:31:05,"$900 million in #CTE funding to support this Administration’s goal of ensuring every high school student can pursue programs that provide multiple, high-quality pathways to success. 5/8 https://t.co/VE552B0sIE"
1226951736411197446,2020-02-10 19:31:04,Our budget request empowers States to best meet the needs of students by consolidating nearly all Federal K-12 grant programs into one block grant program called the Elementary and Secondary Education for the Disadvantaged Block Grant. 4/8 https://t.co/Nez5IKxL5p
1226951731868786694,2020-02-10 19:31:03,".@POTUS is calling on Congress to pass the #EducationFreedom Scholarships proposal. EFS creates a $5 billion annual tax credit for donations to state-based, locally-controlled scholarships and will help more than 1 million students across the country find their fit. 3/8 https://t.co/cAcNDBqwLr"
1226951726944727041,2020-02-10 19:31:02,"@POTUS This budget proposal for @usedgov is about one thing—putting students and their needs above all else. It would restore the proper role of states, communities, and families in education—so those closest to students and students themselves are in control. Here’s how: 2/8"
1226950447325437953,2020-02-10 19:25:56,".@POTUS’s FY 2021 Budget Request is a transformative, student-first budget that dramatically reduces the Federal role in education &amp; returns control over education decisions to whom it belongs—State leaders, local educators, teachers, and parents. THREAD 1/8 ⬇️ https://t.co/q2rn5qU4AA"
1226945992832045057,2020-02-10 19:08:14,"Today, @POTUS released his budget request for FY2021. The @usedgov budget calls for a number of bold reforms, including expanding #EducationFreedom, block granting K-12 funds, and a separate, reformed Federal Student Aid. 

Learn more here ⬇️
https://t.co/BD9cRkNrmJ https://t.co/j5NschFtmG"
1225872612724805632,2020-02-07 20:03:01,"Very proud of our CIO Jason Gray!  Because of his leadership, @usedgov has reformed its #IT infrastructure to better &amp; more efficiently serve students while reducing costs to taxpayers. Congrats, Jason on the A+ on the #FITARA Scorecard! https://t.co/SFpQZmUiS8"
1225851707579674624,2020-02-07 18:39:56,"Great to join @VP to see firsthand the life changing impact #EducationFreedom has for students at St. Francis de Sales School. When families are empowered to choose the best educational setting for their children, outcomes improve.
 
Official White House Photos by D. Myles Cullen https://t.co/80sC4SxVPe"
1225846415244566528,2020-02-07 18:18:55,"RT @usedgov: Yesterday, @SStumpOCTAE visited Whiteland Community High School, a #CTE-rich learning environment where students are actively…"
1225815179109314566,2020-02-07 16:14:47,"“Parents know better than bureaucrats where their child can be best educated, and competition leads to better outcomes for everyone…School choice is an idea whose time has come.”
 
More from @VP on #EducationFreedom ⬇️
https://t.co/tyEhJFowls"
1225811459621498880,2020-02-07 16:00:01,#FlashbackFriday to my visit to @ButlerTech. There I joined students and families celebrating signing day—where students signed letters of intent for jobs and co-op internships following successful completion of specialized training programs while in high school. #CTEMonth https://t.co/s4ZrlhkRrR
1225501925879140352,2020-02-06 19:30:02,"“#EducationFreedom helps inspire and educate students by providing a learning environment that best fits their unique needs, and it allows families to make choices based on their individual situations.” @POTUS https://t.co/UGWnDfHbda"
1225463838822326278,2020-02-06 16:58:41,"Community colleges are a uniquely American institution and a proud national asset. It was an honor speak at the Bellwether Awards and highlight some of the cutting-edge, trendsetting community college programs that are putting students’ needs first. https://t.co/tpkjMlMida"
1225267999365586944,2020-02-06 04:00:30,RT @Mike_Pence: President @realDonaldTrump and I are working with @BetsyDeVosED and many great champions to create a new program that will…
1225165952754561024,2020-02-05 21:15:00,"#ICYMI: with @usedgov’s updated College Scorecard, students have access to MORE data than ever before. This includes access to customized, relevant information on 2-year programs, 4-year degrees, certificate programs and resources to connect students to apprenticeships. #CTEMonth https://t.co/SYWeYbSpnW"
1225151181670010880,2020-02-05 20:16:18,"Thank you @POTUS for your advocacy for our nation’s students. #SchoolChoice shouldn’t just be for the wealthy, powerful and well-connected. All students should have the freedom to find the right fit. #SOTU https://t.co/jU6WyK5mxi"
1224923403737600000,2020-02-05 05:11:12,"RT @SenatorTimScott: Great to hear @realDonaldTrump stand up for #SchoolChoice, proud to sponsor the Education Freedom Scholarships and Opp…"
1224923244173590528,2020-02-05 05:10:34,"RT @RepByrne: Thank you @realDonaldTrump for calling upon Congress to pass my bill, the Education Freedom Scholarships and Opportunity Act!…"
1224896839482322947,2020-02-05 03:25:38,"Tonight, @realDonaldTrump delivered a strong message in support of America’s students and their futures. Every student, parent, &amp; teacher should be excited by this bold agenda to free them from a government system that limits their success. #SOTU

Read my full statement here ⬇️ https://t.co/qImzNSiIgQ"
1224886493400965120,2020-02-05 02:44:31,"The Administration has invested nearly $1.5 billion in the development of public charter schools, helping these schools grow to serve more than 3 million students. #SOTU https://t.co/K2U5Nd6d40"
1224886237741420544,2020-02-05 02:43:31,"Since 2017, @realDonaldTrump has invested in tomorrow’s workforce by directing a minimum of $200 million in annual funding to prioritize #STEM and Computer Science education. This critical funding has helped more women and minorities develop in-demand skills. #SOTU https://t.co/5q9SSn0mEa"
1224885682071580672,2020-02-05 02:41:18,"The success of #HBCUs and their students has been and will continue to be a top priority for this Administration. @realDonaldTrump signed into law the FUTURE Act, critical legislation which provides permanent funding to HBCUs and other minority-serving institutions. #SOTU https://t.co/aMMcCkhKSv"
1224885357616996354,2020-02-05 02:40:01,#EducationFreedom is inevitable. Students need it and parents across America demand it. This Administration’s Education Freedom Scholarships proposal already has 120 Congressional co-sponsors and will provide #SchoolChoice to those who need it most. #SOTU https://t.co/7CSEI7Kjkg
1224885166016999424,2020-02-05 02:39:15,"Across America, support for #EducationFreedom is growing. 78% of Americans support this Administration’s Education Freedom Scholarships proposal—the ultimate way to empower parents and students with #SchoolChoice. #SOTU https://t.co/nqxlrczXhM"
1224884924487999489,2020-02-05 02:38:17,Both @realDonaldTrump and I will continue to fight for parents like Stephanie and students like Janiyah. They are why I get up and go to work every single day. We cannot rest until every child in America has #EducationFreedom. #SOTU https://t.co/fDoe5GaF7J
1224869343151915011,2020-02-05 01:36:23,"RT @WhiteHouse: Janiyah Davis is a 4th grade student who loves art and math, but for too long she has been assigned to low-performing schoo…"
1224860188093616136,2020-02-05 01:00:00,"Every student in America deserves access to a high-quality education that meets their unique needs, no matter their age, income, zip code or stage in life. Grateful for @realDonaldTrump’s commitment to putting students first. Watch #SOTU tonight at 9:10 PM EST. https://t.co/O2A4Qw00rc"
1224409807744094210,2020-02-03 19:10:21,"“CTE is the place where education connects with the economy, and where students connect with their future.” WATCH NOW for more from @SStumpOCTAE on the importance of CTE and how it helps to close the skills gap ⬇️ #CTEMonth https://t.co/lnjjfknoYD"
1224354201742036993,2020-02-03 15:29:23,"February is Career and Technical Education Month! #CTE provides students with valuable, specialized skills that directly prepare them for future employment. Read more about this Administration’s commitment to CTE in @POTUS’s #CTEMonth proclamation: https://t.co/5bhX8mMpF5 https://t.co/RmmDB9HaYG"
1223304136378257408,2020-01-31 17:56:48,"Great to join @RepKenBuck for a visit to @LibertyCommon HS! This parent-run, public charter school was started by parents who were dissatisfied with the status quo and decided to do something about it!  #SchoolChoiceWeek https://t.co/ks2sbx8b6A"
1223260556129378304,2020-01-31 15:03:38,"America's forgotten students—those without the freedom the wealthy, powerful, and well-connected have always enjoyed—win with #EducationFreedom Scholarships…Because education freedom is not just for those who can afford it. READ MORE ⬇️https://t.co/aZaLrOsZKA"
1223006724883349510,2020-01-30 22:15:00,"#TBT to the 2019 #EducationFreedomTour. On the road, we heard from parents, teachers and students about the difference #EducationFreedom has made in their lives. #SchoolChoiceWeek https://t.co/vLkHCHOHM2"
1222968970095054850,2020-01-30 19:44:58,"#SchoolChoice gives teachers the freedom they deserve, too: “School choice empowers innovative educators to try new things. Sometimes that means teachers have fresh opportunities to find schools where they can put unique approaches into action…” https://t.co/8eGcFG2ihP"
1222911336721592320,2020-01-30 15:55:57,"Join me in welcoming Christine Cunningham, Patrick Kelly, new Board Chair @HaleyBarbour to the @GovBoard. They will play an important role in NAGB’s critical work to inform students, parents, educators &amp; policymakers about the state of American education. https://t.co/GK0Ld5vYqW https://t.co/oGYfWZjNvi"
1222666071389491200,2020-01-29 23:41:22,"Fantastic meeting today between @usedgov officials, accreditors and states to discuss ways in which we can improve collaboration to better serve students. I look forward to our continued work together! https://t.co/tOkFXOt8wV"
1222627428469739523,2020-01-29 21:07:48,"""It is clear that one size does not fit all in education…That’s why this Administration stands for empowering parents and students—for #EducationFreedom."" 

Read more from @usedgov's Deputy Secretary Mick Zais here⬇️
https://t.co/srcPFzO7ux"
1222566314654355456,2020-01-29 17:04:58,Great to join @VP yesterday to celebrate #SchoolChoiceWeek in Wisconsin—the birthplace of #EducationFreedom! This week is an annual reminder to celebrate the freedom families have won in states across the country &amp; continue the fight for students who still need #SchoolChoice. https://t.co/FXEdlRwNw7
1222275385892790273,2020-01-28 21:48:55,"RT @Mike_Pence: In Madison today with @BetsyDeVosED and @RepBryanSteil at just one of the over 50,000 events celebrating National #SchoolCh…"
1222253426010136584,2020-01-28 20:21:39,"#EducationFreedom Scholarships is a bold, transformative approach to rethinking everything about K-12 education in America. Every student deserves access to a high-quality education that meets their unique needs. To learn more about EFS visit https://t.co/pFLXE6rJ09 3/3"
1222253425091629056,2020-01-28 20:21:39,"Support for #SchoolChoice is only growing, with recent polling data from @SchoolChoiceNow showing that 69% of Americans support the concept of school choice and 78% specifically support the #EducationFreedom Scholarships proposal. 2/3"
1222253423652941825,2020-01-28 20:21:39,Last night we reached 100 cosponsors for our #EducationFreedom Scholarships proposal and six more Members of Congress signed on today! #SchoolChoice is inevitable and our EFS proposal is the ultimate way to empower students to find the right fit. #SchoolChoiceWeek THREAD ⬇️ 1/3 https://t.co/3S5grRpJJO
1222231762551656449,2020-01-28 18:55:34,"Thank you, @VP for your tireless advocacy on behalf of our nation’s students. Happy to announce we’ve now surpassed 100 cosponsors in the House for this important proposal. #SchoolChoiceWeek https://t.co/TjzdymDTdF"
1222224341410177024,2020-01-28 18:26:05,"LISTEN LIVE to the #SchoolChoiceWeek celebration starting soon in Wisconsin ⬇️

https://t.co/w27mNgZTTr"
1222160542162477057,2020-01-28 14:12:34,Looking forward to seeing you soon! https://t.co/jRnM33LNtO
1221912011451224064,2020-01-27 21:45:00,"Nearly half of teaching colleges are preparing future educators with what amounts to junk science. No wonder nearly 1/2 of our low-income 8th graders are functionally illiterate. We know how to teach kids how to read. Teachers need the tools to teach it.
 https://t.co/Kk5Ec1oLLe"
1221906587641663490,2020-01-27 21:23:27,"When I took this job, I committed myself &amp; team to 3 guiding principles: reduce the role of government, respect the rule of law, &amp; restore the rights of students. Honored to tell @FedSoc members, who are committed to those same values, how we are delivering on that promise. https://t.co/Yas9E1yxwt"
1221880976554504195,2020-01-27 19:41:40,"This Administration is committed to expanding #EducationFreedom and returning power over education decisions to where it belongs: states, local leaders, educators, parents and students. Thankful to @POTUS for his leadership on this critical issue. #NSCW https://t.co/N1LO2thop6"
1221835120417611777,2020-01-27 16:39:27,During #NSCW we celebrate the choices students and their families have made to find the educational environments that are right for them. #SchoolChoice https://t.co/DxvY1JkZio
1220828624946774017,2020-01-24 22:00:00,#FBF to the @tulsacc and @LangstonU graduation at the Dick Conner Correctional Center. It was inspiring to see the transformative impact #SecondChancePell has had on incarcerated individuals as they seize opportunities to pursue education &amp; prepare for careers upon reentry. https://t.co/nr9TvxB58V
1220816620370780160,2020-01-24 21:12:18,"When it comes to education, no solution, not even ones we like, should be dictated or run from Washington, D.C. That’s what makes our #EducationFreedom Scholarships proposal so great. It gets Washington out of the way and puts power in the hands of states, families and students. https://t.co/Bm4BW162B1"
1220508338250768384,2020-01-24 00:47:18,Grateful to have been part of the inaugural #HBCU Forum today. The success of HBCUs and their students has been and will continue to be a top priority for this administration. https://t.co/ozesTYHHTU
1220389859837272064,2020-01-23 16:56:30,"“We are our children’s first teachers so we know them best. School choice is not about supporting one system over another, it’s about supporting quality education for every child.” - @VirginiaWalden

I couldn’t agree more. 4/4"
1220389859044536321,2020-01-23 16:56:30,"The D.C. Opportunity Scholarship Program remains the only federally funded school choice program of its kind and to date has connected more than 10,000 students to scholarships to attend schools that work for them. 3/4"
1220389857861799936,2020-01-23 16:56:30,"We were joined by Tiffany Dunston, Ph.D., who says access to #DCOSP changed the trajectory of her life.  Dr. Dunston was the first in her family to go to college and is now a postdoctoral fellow at the John Hopkins University studying cancer research. 2/4"
1220389853281558529,2020-01-23 16:56:29,Honored to welcome @virginiawalden to @usedgov today for a discussion on #EducationFreedom and her tireless advocacy on behalf of students and parents. It was her courageous efforts that led to the passage of the DC Opportunity Scholarship Program. 1/4 https://t.co/s0w1XRBGHC
1220377563404623872,2020-01-23 16:07:39,Great to join @hughhewitt and student advocates gathered from @my_ccu last night. We had a robust discussion about this Administration’s commitment to safeguarding the religious liberty and First Amendment rights of all students. https://t.co/PD4ekQ9kUl
1220074712367353858,2020-01-22 20:04:13,"#SchoolChoice changed Walter Blanks’ life. In his own words, he calls it the “great equalizer.” Today he fights for students to be able to have the same kind of #EducationFreedom. https://t.co/ke4FWSSJqV"
1219643313994813447,2020-01-21 15:30:00,#EducationFreedom Scholarships require only one thing: students and parents must be empowered to make the decisions and choices that are right for them. https://t.co/Zjoi68tnMr
1219254215492734976,2020-01-20 13:43:52,Today we honor the courageous leadership and lasting legacy of Dr. Martin Luther King Jr. #MLKDay https://t.co/QsqjBCfT5n
1218918783630413825,2020-01-19 15:30:59,"RT @WhiteHouse: President @realDonaldTrump is a champion for religious freedom—and this week, the President announced new steps to protect…"
1218867838414479360,2020-01-19 12:08:32,"RT @WhiteHouse: ""This administration is—and always will be—committed to ensuring that all believers can live and practice their faith witho…"
1218229878924959749,2020-01-17 17:53:31,Grateful to @POTUS for his continued leadership on this important issue and for his commitment to safeguarding the religious rights of all students. 4/4
1218229877993766914,2020-01-17 17:53:31,"For the first time in more than 15 years, we also took action to protect constitutionally protected prayer in schools: https://t.co/ZA8jfofKwg 3/4"
1218229876999761923,2020-01-17 17:53:30,"Actions taken by @usedgov will protect the religious liberty of every student, teacher and education institution and level the playing field between religious and non-religious organizations competing for federal grants: https://t.co/cjJ5xskvyY 2/4"
1218229873732354048,2020-01-17 17:53:30,It was an honor to join students of many faiths yesterday at the @WhiteHouse as @POTUS reaffirmed this Administration’s commitment to protecting religious freedom for all Americans. THREAD ⬇️ 1/4 https://t.co/huqC4K0x83
1218205085756297216,2020-01-17 16:15:00,We cannot rest until every child has access to the education environment that unleashes their creativity and helps to unlock their full potential. #EducationFreedom https://t.co/RhbWqugD9h
1218175849838628866,2020-01-17 14:18:49,"There’s a reason why the First Amendment comes first. Our country was founded upon the “first freedoms” it protects. The freedom to express ourselves defines what it means to be American. READ MORE ⬇️
 
https://t.co/6N1xpl5Lo1"
1217941750905483265,2020-01-16 22:48:36,"RT @WhiteHouse: ""The government must never stand between the people and God."" — President @realDonaldTrump https://t.co/PqcJLItiVJ"
1217926198208159751,2020-01-16 21:46:48,"#TBT to my conversation at @AEI with @KellyannePolls and @rickhess99 on how the #EducationFreedom Scholarships proposal could empower students and families to choose the best educational setting for them—regardless of where they live, how much they make, and how they learn. https://t.co/n4RHkFKCmu"
1217815931222732800,2020-01-16 14:28:38,"I want to thank @POTUS for his continued leadership on this issue and his commitment to protecting #ReligiousFreedom and the First Amendment rights of all students, teachers, and faith-based institutions across the country. Learn more here ⬇️ 2/2
https://t.co/cjJ5xskvyY https://t.co/1L2q3ooUrD"
1217815927854632961,2020-01-16 14:28:37,This Administration is committed to protecting religious liberty &amp; defending the #FirstAmendment rights of all Americans. Actions taken today to update @usedgov's rules and issue new guidance on prayer in schools will do just that. 1/2
1217590028261646336,2020-01-15 23:30:59,"Enjoyed my time today with @AnitaBMcBride and everyone at the @RightNowWomen’s 2020 Leadership Summit where we discussed expanding #EducationFreedom, @usedgov’s newly updated College Scorecard and the many ways we need to #RethinkSchool to prepare students for success. https://t.co/zAFuDCKOgj"
1217174652985974790,2020-01-14 20:00:25,"This year’s #EDGamesExpo was bigger and better than ever! With 5 different showcase events, 30 school visits and 100+ developers participating, students saw firsthand the technology that will help #ReThinkSchool and prepare them for success. 
 
WATCH NOW ⬇️ https://t.co/TBpC3cBgWv"
1217110728051757059,2020-01-14 15:46:25,A student’s educational journey shouldn’t be defined by the bureaucratic barriers encountered along the way. Education options for students should be limitless because each and every student deserves the freedom to find the right fit. #EducationFreedom https://t.co/WQlIEjtOOZ
1216859395373649922,2020-01-13 23:07:42,Lots of talent on display at @usedgov today during the @NationalPTA #PTAReflections Art Exhibit opening! Really enjoyed seeing the theme “Heroes Around Me” reflected in the students’ works this year. https://t.co/g2HxyoEWrc
1215740906260848640,2020-01-10 21:03:14,"This is a seminal opportunity to transform our nation's education system; an unprecedented moment to shape the future of our nation.
 
Learn more about the #EducationFreedom Scholarships proposal here ⬇️
https://t.co/pFLXE6rJ09 https://t.co/fC9iS7lSN5"
1215733053395480577,2020-01-10 20:32:01,"#FBF to the DC OSP 15th anniversary celebration at @usedgov. I was grateful to join congressional leaders in hearing from students and parents about the life changing impact of #EducationFreedom. To date, more than 10K students have received scholarships through the program. https://t.co/xFnfVYgXCf"
1215311201221185538,2020-01-09 16:35:44,"MUST READ from @Virginiawalden: ""Parents of all incomes, races, and creeds have it within themselves to choose good schools for their sons and daughters...they should have the chance to do so."" #EducationFreedom 

https://t.co/UQBSaqrwtE"
1214935298540539906,2020-01-08 15:42:02,"Education Freedom Scholarships would transform the way that students learn across the country. Every student – no matter their zip code or family income – deserves the freedom to pursue the education that works best for them. 

More on #EducationFreedom⬇️
https://t.co/yPrzmrtsyt"
1212753917572001792,2020-01-02 15:14:00,"""Parents should have the freedom to choose the option that is best for their children, not just the one that the government chooses.""

More from @LtGovDanForest⬇️ https://t.co/5V8xjkSvSq"
